epoch,step,train_loss,val_loss
0,881,3.2220394611358643,4.600076675415039
1,1763,3.145475149154663,4.046356201171875
2,2645,3.166649580001831,4.294158458709717
3,3527,3.161722421646118,3.7885971069335938
