epoch,step,train_loss,val_loss
0,881,3.57584810256958,4.663665771484375
1,1763,3.479440927505493,4.6682562828063965
2,2645,3.467769145965576,4.740589618682861
3,3527,3.4602460861206055,5.24395751953125
