epoch,step,train_loss,val_loss
0,881,3.5786571502685547,4.503199577331543
1,1763,3.504371404647827,4.959063529968262
2,2645,3.4953408241271973,4.973388195037842
3,3527,3.489157199859619,6.564497947692871
