epoch,step,train_loss,val_loss
0,881,1.4027297496795654,0.8104807138442993
1,1763,0.7251671552658081,0.5641050934791565
2,2645,0.5749329328536987,0.45081627368927
3,3527,0.5226999521255493,0.4516167938709259
4,4409,0.49373283982276917,0.4116745591163635
5,5291,0.4740293323993683,0.39093494415283203
6,6173,0.46168091893196106,0.3834846615791321
7,7055,0.45290592312812805,0.39043012261390686
8,7937,0.44368767738342285,0.38294756412506104
