epoch,step,train_loss,val_loss
0,440,2.372616767883301,2.352515459060669
1,881,2.310070276260376,4.000422477722168
2,1322,2.286012887954712,4.387216567993164
3,1763,2.2806572914123535,4.982439041137695
4,2204,2.278583288192749,4.81997013092041
