epoch,step,train_loss,val_loss
0,440,2.6742987632751465,3.9394590854644775
1,881,2.608299493789673,4.042202472686768
2,1322,2.597500801086426,3.982513904571533
3,1763,2.5922181606292725,3.9836788177490234
