epoch,step,train_loss,val_loss
0,881,2.67284893989563,3.8939058780670166
1,1763,2.498997926712036,5.082894325256348
2,2645,2.45613169670105,4.837542533874512
3,3527,2.423844814300537,5.522116184234619
4,4409,2.4222867488861084,4.872933864593506
5,5291,2.414926767349243,5.413480758666992
