epoch,step,train_loss,val_loss
0,881,2.7945404052734375,4.076963901519775
1,1763,2.7269883155822754,4.1833624839782715
2,2645,2.7074055671691895,3.989898681640625
3,3527,2.69427490234375,4.678316116333008
4,4409,2.6865811347961426,4.388163089752197
5,5291,2.683196783065796,4.314881801605225
