epoch,step,train_loss,val_loss
0,881,2.7506394386291504,5.021472930908203
1,1763,2.692944288253784,5.3330769538879395
2,2645,2.6824870109558105,5.1085357666015625
3,3527,2.7110865116119385,2.7825634479522705
