epoch,step,train_loss,val_loss
0,881,2.4368138313293457,4.800535202026367
1,1763,2.3650636672973633,5.827950477600098
2,2645,2.35627818107605,5.924443244934082
3,3527,2.354109048843384,6.202483177185059
