epoch,step,train_loss,val_loss
0,881,2.0672385692596436,1.1967850923538208
1,1763,1.139654278755188,1.0428074598312378
2,2645,1.0126500129699707,1.0099155902862549
3,3527,0.9619648456573486,1.0453166961669922
4,4409,0.9275212287902832,1.0634832382202148
5,5291,0.9005706906318665,0.965998113155365
6,6173,0.8827723860740662,0.9457112550735474
7,7055,0.873458206653595,0.8634336590766907
8,7937,0.8649699091911316,0.8417351841926575
9,8819,0.8582279086112976,0.8204135298728943
