epoch,step,train_loss,val_loss
0,881,2.648677349090576,4.521345615386963
1,1763,2.597259998321533,3.8763625621795654
2,2645,2.592299699783325,4.016674518585205
3,3527,2.589630603790283,3.662062883377075
