epoch,step,train_loss,val_loss
0,881,2.706756114959717,5.077642440795898
1,1763,2.6771256923675537,5.967103958129883
2,2645,2.672390937805176,5.370554447174072
3,3527,2.6693034172058105,4.242821216583252
