epoch,step,train_loss,val_loss
0,440,2.7086257934570312,3.9725658893585205
1,881,2.688392400741577,3.818319082260132
2,1322,2.6634409427642822,3.5714659690856934
3,1763,2.66593074798584,3.513897657394409
4,2204,2.6664390563964844,3.5883970260620117
