epoch,step,train_loss,val_loss
0,881,2.746495246887207,5.341795444488525
1,1763,2.6821000576019287,6.49933385848999
2,2645,2.675525426864624,6.0913472175598145
3,3527,2.670729160308838,5.419861793518066
