epoch,step,train_loss,val_loss
0,881,3.2350738048553467,4.194917678833008
1,1763,3.1854257583618164,5.322544574737549
2,2645,3.182847499847412,5.211691379547119
3,3527,3.1794283390045166,4.554555416107178
