epoch,step,train_loss,val_loss
0,440,3.091470241546631,3.0784082412719727
1,881,3.0473508834838867,3.831965208053589
2,1322,3.017350673675537,4.247133255004883
3,1763,3.005573272705078,3.9530980587005615
