epoch,step,train_loss,val_loss
0,881,2.257689952850342,1.5992075204849243
1,1763,1.6242660284042358,1.5019742250442505
2,2645,1.5642794370651245,1.4921952486038208
3,3527,1.5288265943527222,1.7295782566070557
4,4409,1.5010329484939575,2.0011165142059326
5,5291,1.4760900735855103,1.9617137908935547
6,6173,1.4598957300186157,1.7671124935150146
7,7055,1.4543241262435913,1.8917187452316284
8,7937,1.438947319984436,1.7021443843841553
9,8819,1.4351814985275269,1.4752496480941772
