epoch,step,train_loss,val_loss
0,881,3.5619044303894043,4.741703987121582
1,1763,3.4732253551483154,4.578032493591309
2,2645,3.2718746662139893,4.332578659057617
3,3527,3.2579705715179443,3.6072826385498047
4,4409,3.56233286857605,3.6369266510009766
