epoch,step,train_loss,val_loss
0,881,2.821052074432373,3.6522772312164307
1,1763,2.73858642578125,4.126172065734863
2,2645,2.7182369232177734,4.4121198654174805
3,3527,2.712973117828369,4.176165580749512
4,4409,2.70428204536438,4.142953395843506
