epoch,step,train_loss,val_loss
0,881,3.247215986251831,4.033713340759277
1,1763,3.161778450012207,4.308602809906006
2,2645,3.1488959789276123,4.121999740600586
3,3527,3.1416432857513428,4.055478572845459
