epoch,step,train_loss,val_loss
0,881,3.2139062881469727,4.1179585456848145
1,1763,3.1530983448028564,4.85903787612915
2,2645,3.142488479614258,4.267961502075195
3,3527,3.137622356414795,5.960843563079834
