epoch,step,train_loss,val_loss
0,881,2.420067310333252,3.327526330947876
1,1763,2.358024835586548,4.972193241119385
2,2645,2.3570075035095215,5.342464923858643
3,3527,2.3526194095611572,4.333648681640625
