epoch,step,train_loss,val_loss
0,881,2.1072819232940674,1.5837393999099731
1,1763,1.6097954511642456,1.5114269256591797
2,2645,1.5423202514648438,1.507467269897461
3,3527,1.5038822889328003,1.5459846258163452
4,4409,1.4783557653427124,1.6256611347198486
5,5291,1.4593160152435303,1.6684330701828003
6,6173,1.4458266496658325,1.617951512336731
7,7055,1.433516502380371,1.4822771549224854
8,7937,1.4234503507614136,1.4354517459869385
9,8819,1.4148353338241577,1.412047028541565
