epoch,step,train_loss,val_loss
0,440,2.3743176460266113,2.3586065769195557
1,881,2.3214504718780518,3.600381374359131
2,1322,2.292773723602295,4.503701686859131
3,1763,2.2877750396728516,3.89847469329834
4,2204,2.2843551635742188,4.381657600402832
