epoch,step,train_loss,val_loss
0,881,2.389261245727539,1.641297459602356
1,1763,1.6315350532531738,1.5225410461425781
2,2645,1.5435034036636353,1.5212974548339844
3,3527,1.4973829984664917,1.6213552951812744
4,4409,1.4672372341156006,1.8254706859588623
5,5291,1.4463688135147095,1.7907172441482544
6,6173,1.430046558380127,1.8087373971939087
7,7055,1.4170558452606201,1.666564702987671
8,7937,1.4054707288742065,1.5903911590576172
9,8819,1.3958507776260376,1.485032081604004
