epoch,step,train_loss,val_loss
0,881,2.769829034805298,5.246629238128662
1,1763,2.689117193222046,6.008846759796143
2,2645,2.678795576095581,6.110090255737305
3,3527,2.6750123500823975,4.745964050292969
