epoch,step,train_loss,val_loss
0,440,2.7091734409332275,2.6962478160858154
1,881,2.6787524223327637,2.7085301876068115
2,1322,2.647029399871826,4.17296838760376
3,1763,2.6209707260131836,4.632654666900635
4,2204,2.617769479751587,4.99086332321167
5,2645,2.606165885925293,5.131289005279541
