epoch,step,train_loss,val_loss
0,881,2.44779372215271,2.445992946624756
1,1763,2.4189724922180176,4.1381683349609375
2,2645,2.3714895248413086,4.820676326751709
3,3527,2.3644134998321533,4.332145690917969
4,4409,2.3561480045318604,3.807678699493408
