epoch,step,train_loss,val_loss
0,881,1.4015135765075684,0.9712679386138916
1,1763,0.8704303503036499,0.6157965660095215
2,2645,0.6237229108810425,0.4621714651584625
3,3527,0.5296108722686768,0.41223347187042236
4,4409,0.4830338954925537,0.3694952726364136
5,5291,0.4527716636657715,0.35209590196609497
6,6173,0.43355950713157654,0.33983317017555237
7,7055,0.4204794764518738,0.33406129479408264
8,7937,0.408785879611969,0.32159116864204407
9,8819,0.4008573293685913,0.3178078830242157
