epoch,step,train_loss,val_loss
0,881,1.4460148811340332,0.9709380865097046
1,1763,0.9677795171737671,0.7473450899124146
2,2645,0.8200364112854004,0.6541500091552734
3,3527,0.7625288963317871,0.6315020322799683
4,4409,0.7305282950401306,0.599907398223877
5,5291,0.7062528729438782,0.6032871007919312
6,6173,0.6908353567123413,0.6142024397850037
7,7055,0.6800437569618225,0.5653770565986633
8,7937,0.6698952913284302,0.5733046531677246
9,8819,0.6617894768714905,0.5543179512023926
