epoch,step,train_loss,val_loss
0,881,2.434037685394287,4.896000862121582
1,1763,2.3637490272521973,5.7658915519714355
2,2645,2.3545360565185547,6.144637584686279
3,3527,2.351254463195801,4.873142719268799
