epoch,step,train_loss,val_loss
0,440,2.462285041809082,2.4425652027130127
1,881,2.405411958694458,3.02816104888916
2,1322,2.3462209701538086,4.321493148803711
3,1763,2.3707854747772217,4.764081001281738
4,2204,2.3589158058166504,4.1156744956970215
