epoch,step,train_loss,val_loss
0,881,2.77008056640625,4.549339771270752
1,1763,2.7083382606506348,4.626572608947754
2,2645,2.6840176582336426,4.355208396911621
3,3527,2.679314374923706,4.445952892303467
4,4409,2.6767492294311523,4.80797815322876
