epoch,step,train_loss,val_loss
0,881,1.8185776472091675,1.0648523569107056
1,1763,1.0951513051986694,0.8657837510108948
2,2645,0.9711750149726868,0.7890979647636414
3,3527,0.9198535084724426,0.7568683624267578
4,4409,0.8876663446426392,0.728072464466095
5,5291,0.8636408448219299,0.7324467897415161
6,6173,0.8475539684295654,0.7211899757385254
7,7055,0.8337196111679077,0.71103835105896
8,7937,0.8223227858543396,0.6991135478019714
9,8819,0.8128709197044373,0.6995931267738342
