epoch,step,train_loss,val_loss
0,881,3.583272933959961,3.602109909057617
1,1763,3.482081651687622,3.6399424076080322
2,2645,3.466062307357788,3.600196361541748
3,3527,3.457803964614868,3.661539316177368
4,4409,3.442479133605957,3.6087770462036133
5,5291,3.543384075164795,5.244901657104492
