epoch,step,train_loss,val_loss
0,881,3.225522041320801,3.917558193206787
1,1763,3.146268844604492,3.483895778656006
2,2645,3.132714033126831,3.8480124473571777
3,3527,3.127126455307007,4.178762435913086
