epoch,step,train_loss,val_loss
0,881,3.072701930999756,3.193185806274414
1,1763,3.012934446334839,4.64101505279541
2,2645,2.993354558944702,4.76039457321167
3,3527,2.9842522144317627,4.647819519042969
4,4409,2.9798479080200195,4.602553367614746
5,5291,2.9765117168426514,4.477198123931885
