epoch,step,train_loss,val_loss
0,881,3.572192668914795,4.699465751647949
1,1763,3.5010440349578857,4.841042518615723
2,2645,3.4907758235931396,4.892612934112549
3,3527,3.485086679458618,5.3123579025268555
