epoch,step,train_loss,val_loss
0,881,1.8139543533325195,1.1058478355407715
1,1763,1.0713587999343872,1.7513333559036255
2,2645,0.9735909104347229,2.435462236404419
3,3527,0.9271160364151001,2.7231252193450928
4,4409,0.898707389831543,2.542489767074585
5,5291,0.8783541917800903,2.6456546783447266
6,6173,0.8714332580566406,1.6011611223220825
7,7055,0.8536922931671143,1.8990447521209717
8,7937,0.8435737490653992,1.788535714149475
9,8819,0.8364309668540955,1.5756434202194214
