epoch,step,train_loss,val_loss
0,881,3.5593981742858887,5.878243446350098
1,1763,3.490957498550415,6.64755916595459
2,2645,3.4844489097595215,6.181878566741943
3,3527,3.479018449783325,6.8534979820251465
