epoch,step,train_loss,val_loss
0,881,2.3306400775909424,2.87817120552063
1,1763,2.348975419998169,3.0082602500915527
2,2645,2.3410871028900146,3.299389123916626
