epoch,step,train_loss,val_loss
0,881,1.6249282360076904,0.9556496143341064
1,1763,0.955907940864563,1.1086612939834595
2,2645,0.8755364418029785,1.6305878162384033
3,3527,0.8340210914611816,1.9891211986541748
4,4409,0.7984312176704407,1.940132737159729
5,5291,0.7677990794181824,2.0265443325042725
6,6173,0.7500734329223633,1.769633173942566
7,7055,0.738875150680542,1.4873851537704468
8,7937,0.7287644743919373,1.4369913339614868
9,8819,0.7203055024147034,1.045972466468811
