epoch,step,train_loss,val_loss
0,881,2.6799049377441406,4.043591022491455
1,1763,2.6165599822998047,3.8762941360473633
2,2645,2.6061806678771973,4.374568462371826
3,3527,2.6010823249816895,4.339433670043945
