epoch,step,train_loss,val_loss
0,440,2.7104299068450928,2.6908483505249023
1,881,2.650249481201172,3.7490673065185547
2,1322,2.619879722595215,3.8526241779327393
3,1763,2.609163761138916,4.289221286773682
4,2204,2.605895519256592,3.957484006881714
