epoch,step,train_loss,val_loss
0,881,3.2181854248046875,4.072204113006592
1,1763,3.148376703262329,4.667661190032959
2,2645,3.1401162147521973,6.211442947387695
3,3527,3.135878086090088,6.64661979675293
