epoch,step,train_loss,val_loss
0,881,1.3499222993850708,0.846735417842865
1,1763,0.860055685043335,0.6064385771751404
2,2645,0.6988441348075867,0.5107089877128601
3,3527,0.6333892345428467,0.4772023856639862
4,4409,0.5990036725997925,0.45499205589294434
5,5291,0.5725505948066711,0.4469231367111206
6,6173,0.5542972087860107,0.4272982180118561
7,7055,0.541268527507782,0.40933382511138916
8,7937,0.5290898084640503,0.4051128625869751
9,8819,0.5194656848907471,0.3851798176765442
