epoch,step,train_loss,val_loss
0,881,1.6041628122329712,0.9370447993278503
1,1763,0.9671529531478882,0.7577680945396423
2,2645,0.857334554195404,0.7066043019294739
3,3527,0.8083593249320984,0.676386833190918
4,4409,0.7779008746147156,0.6602277159690857
5,5291,0.7559038400650024,0.6416272521018982
6,6173,0.7412105798721313,0.6363776922225952
7,7055,0.7276511788368225,0.627552330493927
8,7937,0.7168537974357605,0.6249470710754395
9,8819,0.7092399597167969,0.6146538853645325
