epoch,step,train_loss,val_loss
0,881,1.609766960144043,1.132335901260376
1,1763,1.0963512659072876,1.970713496208191
2,2645,1.0087851285934448,2.3912036418914795
3,3527,0.9645108580589294,2.3261799812316895
4,4409,0.9373921751976013,2.552278995513916
5,5291,0.9178116917610168,2.3141748905181885
6,6173,0.9030143022537231,2.280515670776367
7,7055,0.8928446173667908,2.0175328254699707
8,7937,0.8833045959472656,1.753073811531067
