epoch,step,train_loss,val_loss
0,881,2.357114553451538,2.3881797790527344
1,1763,2.2961924076080322,3.0746495723724365
2,2645,2.276256561279297,2.9389803409576416
3,3527,2.2733089923858643,5.100164413452148
4,4409,2.2816920280456543,5.013238906860352
