epoch,step,train_loss,val_loss
0,881,2.4216291904449463,3.7063722610473633
1,1763,2.365703821182251,6.193614482879639
2,2645,2.3561646938323975,6.562408924102783
3,3527,2.350869655609131,6.417405605316162
