epoch,step,train_loss,val_loss
0,881,2.768643856048584,4.22121000289917
1,1763,2.6959569454193115,3.9363887310028076
2,2645,2.6790480613708496,3.775261640548706
3,3527,2.6698944568634033,3.816614866256714
4,4409,2.550827980041504,3.2682793140411377
5,5291,2.3883848190307617,3.2377617359161377
6,6173,2.432528018951416,2.9018514156341553
7,7055,2.4486396312713623,2.909346580505371
