epoch,step,train_loss,val_loss
0,881,2.8193447589874268,3.948657512664795
1,1763,2.7380311489105225,4.83644437789917
2,2645,2.718513011932373,4.957029819488525
3,3527,2.708981990814209,4.505171775817871
4,4409,2.7001609802246094,4.668004035949707
5,5291,2.6960716247558594,4.4525251388549805
