epoch,step,train_loss,val_loss
0,881,2.822784423828125,4.128147125244141
1,1763,2.7308638095855713,4.738685131072998
2,2645,2.7109906673431396,4.461853504180908
3,3527,2.6964869499206543,4.475222110748291
4,4409,2.6861093044281006,4.701330184936523
5,5291,2.6787874698638916,4.086470603942871
