epoch,step,train_loss,val_loss
0,881,2.440983772277832,3.6612884998321533
1,1763,2.3729183673858643,4.025998592376709
2,2645,2.3596417903900146,4.773035526275635
3,3527,2.3559482097625732,4.040989398956299
