epoch,step,train_loss,val_loss
0,881,2.709127187728882,4.07781457901001
1,1763,2.6900997161865234,5.318024158477783
2,2645,2.6494932174682617,4.4406538009643555
3,3527,2.5810863971710205,4.521359443664551
4,4409,2.6719114780426025,5.129177570343018
5,5291,2.667815923690796,4.9725775718688965
