epoch,step,train_loss,val_loss
0,881,2.6434683799743652,3.253152370452881
1,1763,2.5790088176727295,3.5000829696655273
2,2645,2.567025661468506,3.058828592300415
3,3527,2.584211826324463,3.5408685207366943
