epoch,step,train_loss,val_loss
0,881,2.6795897483825684,4.086790561676025
1,1763,2.6131932735443115,4.918062686920166
2,2645,2.5998313426971436,4.742658615112305
3,3527,2.595601797103882,5.393228054046631
