epoch,step,train_loss,val_loss
0,881,2.688508987426758,3.530024766921997
1,1763,2.6191766262054443,4.73284912109375
2,2645,2.603217601776123,3.700892686843872
3,3527,2.599036455154419,4.0057268142700195
