epoch,step,train_loss,val_loss
0,881,3.0745458602905273,3.826416492462158
1,1763,3.008668899536133,5.025277137756348
2,2645,2.9892916679382324,4.804903030395508
3,3527,3.0037763118743896,3.0779316425323486
