epoch,step,train_loss,val_loss
0,440,2.3709678649902344,2.352809429168701
1,881,2.3128581047058105,3.8999106884002686
2,1322,2.2886803150177,4.196202278137207
3,1763,2.2832705974578857,4.818394184112549
4,2204,2.2780330181121826,4.2011260986328125
