epoch,step,train_loss,val_loss
0,881,2.3212051391601562,4.117873668670654
1,1763,2.2773876190185547,3.651200294494629
2,2645,2.263429641723633,2.967529773712158
3,3527,2.2704296112060547,3.260922431945801
