epoch,step,train_loss,val_loss
0,881,2.3443634510040283,3.487229347229004
1,1763,2.295445442199707,3.859095811843872
2,2645,2.2877213954925537,3.810739755630493
3,3527,2.2841782569885254,4.004316806793213
