epoch,step,train_loss,val_loss
0,881,2.3512651920318604,3.328031539916992
1,1763,2.291995048522949,3.659485101699829
2,2645,2.2813243865966797,4.801043510437012
3,3527,2.2777249813079834,3.8644042015075684
