epoch,step,train_loss,val_loss
0,881,1.4941705465316772,1.0572633743286133
1,1763,0.9827755093574524,1.517775535583496
2,2645,0.8987977504730225,2.039483070373535
3,3527,0.8581534624099731,2.2455055713653564
4,4409,0.8323028683662415,2.3609349727630615
5,5291,0.8089178800582886,2.3065075874328613
6,6173,0.7925467491149902,2.261385440826416
7,7055,0.7827550768852234,1.9791265726089478
8,7937,0.775515615940094,2.3064181804656982
9,8819,0.770835816860199,1.8347513675689697
