epoch,step,train_loss,val_loss
0,440,2.710048198699951,2.699923276901245
1,881,2.6672589778900146,3.7238242626190186
2,1322,2.613837480545044,4.913524627685547
3,1763,2.606074333190918,5.131570816040039
4,2204,2.604201316833496,5.078886032104492
