epoch,step,train_loss,val_loss
0,881,1.1209149360656738,0.5944960117340088
1,1763,0.6498029828071594,0.41805484890937805
2,2645,0.5094907879829407,0.3266730308532715
3,3527,0.44675305485725403,0.28961244225502014
4,4409,0.40994641184806824,0.2580210268497467
5,5291,0.3839145302772522,0.24214300513267517
6,6173,0.36561015248298645,0.23306801915168762
7,7055,0.3527492880821228,0.21657902002334595
8,7937,0.341695636510849,0.21759754419326782
9,8819,0.332918256521225,0.20688281953334808
