epoch,step,train_loss,val_loss
0,3524,1.0905414819717407,0.6909077763557434
1,7049,0.7988059520721436,0.6045292615890503
2,10574,0.7427855134010315,0.5740435123443604
3,14099,0.7142477631568909,0.5532712340354919
4,17624,0.6957773566246033,0.5408948659896851
5,21149,0.6825319528579712,0.5300491452217102
6,24674,0.6722996830940247,0.5207271575927734
7,28199,0.6638669371604919,0.5158635973930359
