epoch,step,train_loss,val_loss
0,881,2.3258707523345947,2.9855775833129883
1,1763,2.2792251110076904,4.7532172203063965
2,2645,2.27227783203125,3.9749178886413574
3,3527,2.267951011657715,4.925520896911621
