epoch,step,train_loss,val_loss
0,440,2.3715662956237793,2.35109806060791
1,881,2.3378703594207764,2.367920398712158
2,1322,2.3070125579833984,3.234853982925415
3,1763,2.2961864471435547,3.0781002044677734
4,2204,2.2882943153381348,3.376760244369507
