epoch,step,train_loss,val_loss
0,881,3.5623385906219482,5.274768829345703
1,1763,3.494582414627075,5.954929828643799
2,2645,3.485945701599121,5.544977188110352
3,3527,3.481144428253174,5.9585394859313965
