epoch,step,train_loss,val_loss
0,440,2.6193110942840576,3.517008066177368
1,881,2.6367735862731934,4.971953392028809
2,1322,2.6792733669281006,5.4551682472229
