epoch,step,train_loss,val_loss
0,881,1.7358001470565796,1.050164818763733
1,1763,1.0252699851989746,0.8991348743438721
2,2645,0.8941713571548462,0.8020606637001038
3,3527,0.8253802061080933,0.7946270108222961
4,4409,0.788152813911438,0.7303040623664856
5,5291,0.7677620649337769,0.7215508818626404
6,6173,0.753835141658783,0.6907171607017517
7,7055,0.7426014542579651,0.6875834465026855
8,7937,0.7299206256866455,0.693682849407196
9,8819,0.7231836318969727,0.6696691513061523
