epoch,step,train_loss,val_loss
0,881,3.2510898113250732,3.240074634552002
1,1763,3.185929298400879,4.995893955230713
2,2645,3.1579806804656982,5.4658122062683105
3,3527,3.1463146209716797,5.2831830978393555
4,4409,3.1353883743286133,5.341660499572754
5,5291,3.1321027278900146,4.8852386474609375
6,6173,3.12554931640625,4.365038871765137
