epoch,step,train_loss,val_loss
0,881,1.4563888311386108,0.9234663844108582
1,1763,1.0165817737579346,0.7742813229560852
2,2645,0.9055060744285583,0.6839070916175842
3,3527,0.8533831238746643,0.6523866057395935
4,4409,0.8222994804382324,0.6396660804748535
5,5291,0.7994232177734375,0.6383593082427979
6,6173,0.7836123704910278,0.6259438991546631
7,7055,0.7715590000152588,0.6043355464935303
8,7937,0.7603700757026672,0.60329669713974
9,8819,0.7522550821304321,0.5895052552223206
