epoch,step,train_loss,val_loss
0,440,2.7089860439300537,2.700242757797241
1,881,2.6743264198303223,3.461122989654541
2,1322,2.6254611015319824,4.712655544281006
3,1763,2.6308529376983643,2.6980128288269043
4,2204,2.6424496173858643,3.0650055408477783
