epoch,step,train_loss,val_loss
0,881,2.344693899154663,4.318127155303955
1,1763,2.352288246154785,4.253141403198242
2,2645,2.3436717987060547,4.052039623260498
