epoch,step,train_loss,val_loss
0,881,1.3886691331863403,0.9724807739257812
1,1763,0.8512293696403503,0.751352071762085
2,2645,0.7067862749099731,0.6254313588142395
3,3527,0.6546313166618347,0.6146619319915771
4,4409,0.624770998954773,0.54366534948349
5,5291,0.6036327481269836,0.5351024270057678
6,6173,0.5904995203018188,0.5087905526161194
7,7055,0.5800353288650513,0.5268916487693787
8,7937,0.5692436099052429,0.4959090054035187
