epoch,step,train_loss,val_loss
0,440,2.364928722381592,2.1921236515045166
1,881,2.3471839427948,3.4822094440460205
2,1322,2.3637170791625977,3.265462636947632
