epoch,step,train_loss,val_loss
0,440,2.3449032306671143,2.9623498916625977
1,881,2.2771401405334473,3.833014488220215
2,1322,2.277592182159424,4.224948406219482
3,1763,2.2720417976379395,3.952609062194824
