epoch,step,train_loss,val_loss
0,440,2.680490255355835,3.2081050872802734
1,881,2.5858354568481445,2.9387495517730713
2,1322,2.6051483154296875,3.2573013305664062
3,1763,2.5933175086975098,2.895709276199341
