epoch,step,train_loss,val_loss
0,881,1.5038642883300781,1.023260235786438
1,1763,1.0438079833984375,0.8166611790657043
2,2645,0.9223313927650452,0.7164682745933533
3,3527,0.8700500130653381,0.7248291969299316
4,4409,0.8388593196868896,0.7045621275901794
5,5291,0.8160343170166016,0.700008749961853
6,6173,0.8007416725158691,0.6925183534622192
7,7055,0.7896744012832642,0.6606709957122803
8,7937,0.7780688405036926,0.6719598174095154
9,8819,0.769481897354126,0.6716449856758118
