epoch,step,train_loss,val_loss
0,881,1.7574797868728638,1.2219483852386475
1,1763,1.2207475900650024,1.2801851034164429
2,2645,1.1480381488800049,1.3061846494674683
3,3527,1.115937352180481,1.36526358127594
4,4409,1.0969457626342773,1.3830455541610718
5,5291,1.083814263343811,1.370776653289795
6,6173,1.070547342300415,1.3480168581008911
7,7055,1.061110496520996,1.3055377006530762
8,7937,1.0525237321853638,1.2739511728286743
