epoch,step,train_loss,val_loss
0,440,2.7089295387268066,2.7030856609344482
1,881,2.670231580734253,2.7048943042755127
2,1322,2.6306324005126953,2.5325474739074707
3,1763,2.6794092655181885,2.711806297302246
4,2204,2.6465539932250977,3.79949951171875
