epoch,step,train_loss,val_loss
0,440,2.371041774749756,2.355764389038086
1,881,2.3221404552459717,2.933788299560547
2,1322,2.3019657135009766,2.92946457862854
3,1763,2.2899904251098633,3.072554349899292
4,2204,2.2850539684295654,2.9679133892059326
