epoch,step,train_loss,val_loss
0,440,2.801441192626953,2.7862141132354736
1,881,2.7686610221862793,2.9009206295013428
2,1322,2.742849349975586,4.579482555389404
3,1763,2.7175045013427734,4.348723888397217
4,2204,2.6984901428222656,4.0149970054626465
5,2645,2.687177896499634,3.7331738471984863
6,3086,2.683452844619751,4.654380798339844
7,3527,2.6802854537963867,4.604789733886719
