epoch,step,train_loss,val_loss
0,881,3.0195252895355225,4.661122798919678
1,1763,2.9820926189422607,5.471665382385254
2,2645,2.967151403427124,5.482689380645752
3,3527,2.9630866050720215,5.628792762756348
