epoch,step,train_loss,val_loss
0,881,1.4966421127319336,1.004623293876648
1,1763,0.9639585614204407,0.9306545257568359
2,2645,0.8908388018608093,0.9603292942047119
3,3527,0.8509958982467651,1.2609509229660034
4,4409,0.827977180480957,1.6301683187484741
5,5291,0.8123533129692078,1.3468207120895386
6,6173,0.8001294136047363,1.2359886169433594
7,7055,0.7919908761978149,1.131973147392273
8,7937,0.7845994830131531,0.9560463428497314
