epoch,step,train_loss,val_loss
0,881,2.355180263519287,2.359017848968506
1,1763,2.303100824356079,4.3137640953063965
2,2645,2.28113055229187,4.402942180633545
3,3527,2.2777538299560547,4.426878452301025
4,4409,2.2756247520446777,3.8774611949920654
