epoch,step,train_loss,val_loss
0,881,2.7670018672943115,4.100035190582275
1,1763,2.692124366760254,4.645304203033447
2,2645,2.68060302734375,4.156469345092773
3,3527,2.6768007278442383,4.149477481842041
