epoch,step,train_loss,val_loss
0,881,3.051915168762207,4.289881229400635
1,1763,2.9981698989868164,4.628577709197998
2,2645,2.9886717796325684,4.891737937927246
3,3527,2.9827873706817627,4.937325954437256
