epoch,step,train_loss,val_loss
0,440,2.7087955474853516,2.697990894317627
1,881,2.6439261436462402,3.6179864406585693
2,1322,2.615664482116699,3.719266176223755
3,1763,2.6170692443847656,3.346788167953491
4,2204,2.606374979019165,3.498971462249756
