epoch,step,train_loss,val_loss
0,440,2.348539113998413,2.5554280281066895
1,881,2.2880096435546875,2.7387216091156006
2,1322,2.2774853706359863,2.622615337371826
3,1763,2.2721171379089355,2.4610953330993652
