epoch,step,train_loss,val_loss
0,881,2.3434062004089355,3.455411672592163
1,1763,2.2902073860168457,3.824225425720215
2,2645,2.2819244861602783,2.9363253116607666
3,3527,2.277580499649048,3.0839154720306396
