epoch,step,train_loss,val_loss
0,881,2.816023111343384,4.03010892868042
1,1763,2.7280306816101074,4.600986480712891
2,2645,2.711390495300293,5.313828945159912
3,3527,2.7014498710632324,4.722024917602539
4,4409,2.690986156463623,4.364775657653809
5,5291,2.6876306533813477,4.385039329528809
