epoch,step,train_loss,val_loss
0,881,3.209861993789673,3.2494444847106934
1,1763,3.13271427154541,3.416839599609375
2,2645,3.125185012817383,3.4072656631469727
3,3527,3.116594076156616,3.41798734664917
