epoch,step,train_loss,val_loss
0,881,3.0583817958831787,4.2917094230651855
1,1763,2.990647077560425,5.367810249328613
2,2645,2.9823837280273438,3.580425500869751
3,3527,2.990765333175659,4.859377384185791
