epoch,step,train_loss,val_loss
0,440,3.095921754837036,3.0825750827789307
1,881,3.063829183578491,3.0843987464904785
2,1322,3.062371015548706,3.083829164505005
3,1763,3.0632333755493164,3.0818607807159424
