epoch,step,train_loss,val_loss
0,881,2.6841180324554443,4.438525199890137
1,1763,2.6146717071533203,5.292356014251709
2,2645,2.601243019104004,4.2288818359375
3,3527,2.5969300270080566,5.028755187988281
