epoch,step,train_loss,val_loss
0,3524,1.0608640909194946,0.6669906973838806
1,7049,0.7232916951179504,0.5477592945098877
2,10574,0.6507704854011536,0.5107954144477844
3,14099,0.6186328530311584,0.48805394768714905
4,17624,0.5989219546318054,0.466932088136673
5,21149,0.5833410620689392,0.45520666241645813
6,24674,0.5723469853401184,0.44791704416275024
7,28199,0.5639687180519104,0.4417283236980438
