epoch,step,train_loss,val_loss
0,881,2.3421056270599365,4.0255866050720215
1,1763,2.2945404052734375,4.307827472686768
2,2645,2.285768508911133,4.18691873550415
3,3527,2.2811012268066406,3.878129005432129
