epoch,step,train_loss,val_loss
0,440,2.85080623626709,2.8318474292755127
1,881,2.7891855239868164,3.8531510829925537
2,1322,2.7499022483825684,4.257237434387207
3,1763,2.7359063625335693,4.509829998016357
4,2204,2.7185447216033936,4.730884075164795
5,2645,2.7069931030273438,4.633604049682617
6,3086,2.6996219158172607,4.4053778648376465
