epoch,step,train_loss,val_loss
0,881,3.021334409713745,3.985849618911743
1,1763,2.9859437942504883,3.773799180984497
2,2645,2.97253680229187,3.1367135047912598
3,3527,2.963653087615967,3.3946781158447266
4,4409,2.9578816890716553,3.29982590675354
5,5291,2.959829807281494,3.398641347885132
