epoch,step,train_loss,val_loss
0,881,2.9290356636047363,1.8911246061325073
