epoch,step,train_loss,val_loss
0,881,3.066624879837036,4.521866321563721
1,1763,3.0002381801605225,4.734539031982422
2,2645,2.988036632537842,4.8408284187316895
3,3527,2.983285427093506,4.848946571350098
