epoch,step,train_loss,val_loss
0,881,2.64738392829895,4.68922758102417
1,1763,2.5872280597686768,3.2639882564544678
2,2645,2.65898060798645,3.462171792984009
3,3527,2.653555393218994,3.153505802154541
