epoch,step,train_loss,val_loss
0,881,1.135762095451355,0.6819475889205933
1,1763,0.7102903723716736,0.5177614688873291
2,2645,0.5920364856719971,0.41648218035697937
3,3527,0.5364121794700623,0.3888530731201172
4,4409,0.5046449899673462,0.3491719961166382
5,5291,0.4817539155483246,0.33457469940185547
6,6173,0.46570149064064026,0.3312411308288574
7,7055,0.4538075625896454,0.31529343128204346
8,7937,0.44221562147140503,0.30426573753356934
9,8819,0.43367472290992737,0.2961011528968811
