epoch,step,train_loss,val_loss
0,881,1.3470802307128906,0.932930588722229
1,1763,0.8290729522705078,0.6071358919143677
2,2645,0.6436011791229248,0.48360130190849304
3,3527,0.575950562953949,0.451715886592865
4,4409,0.5393568277359009,0.41187402606010437
5,5291,0.5148767232894897,0.41150882840156555
6,6173,0.499360591173172,0.3824933171272278
7,7055,0.4869470000267029,0.3861136734485626
8,7937,0.47575661540031433,0.3927265703678131
9,8819,0.46732354164123535,0.38437238335609436
