epoch,step,train_loss,val_loss
0,881,1.8134105205535889,1.1147706508636475
1,1763,1.064464807510376,1.0047283172607422
2,2645,0.9481611251831055,0.9098867774009705
3,3527,0.8913624286651611,0.8881598114967346
4,4409,0.8475358486175537,0.8431780934333801
5,5291,0.8191428780555725,0.8248278498649597
6,6173,0.7999843955039978,0.820974588394165
7,7055,0.7812544107437134,0.8057652711868286
8,7937,0.7707269191741943,0.7550338506698608
9,8819,0.7643921375274658,0.7444974780082703
