epoch,step,train_loss,val_loss
0,881,1.431671380996704,0.8829513192176819
1,1763,0.9543521404266357,0.6997637748718262
2,2645,0.8239693641662598,0.6217209696769714
3,3527,0.7646819949150085,0.5883346199989319
4,4409,0.7300875782966614,0.549526035785675
5,5291,0.7047977447509766,0.5463992953300476
6,6173,0.6871199607849121,0.5338937044143677
7,7055,0.6743080019950867,0.5271819829940796
8,7937,0.6621119976043701,0.5208792686462402
9,8819,0.6534339785575867,0.5053371787071228
