epoch,step,train_loss,val_loss
0,440,1.913195252418518,1.3648269176483154
1,881,1.331648349761963,1.113448977470398
2,1322,1.1638683080673218,0.9671427607536316
3,1763,1.0582517385482788,0.8668728470802307
